Model,MAE,RMSE,MAPE (%),R²
Prophet,0.087818341,0.103361971,1.104606729,0.539941325
ARIMA,0,0.0577,0,0.8627
LightGBM,0,0.009,0,0.9966
