{
  "best_model": "arima",
  "metrics": {
    "prophet": {
      "mae": 2.1990319510045437,
      "mape": 27.716983655513317,
      "r2": -310.9950681785703
    },
    "arima": {
      "mae": 0.08396617242908908,
      "mape": 1.056373753858895,
      "r2": 0.5891924091691334
    },
    "lightgbm": {
      "mae": 0.2067129152624774,
      "mape": 2.5752062091535017,
      "r2": -1.656226077080548
    }
  }
}